category,frequency,open_count,avg_recency,freq_norm,open_ratio,priority_score
Water Supply,308,189,49.97859283573569,100.0,61.4,77.27
Street Lighting,299,183,48.07845443296949,75.67567567567568,61.2,64.5
Public Property,286,165,49.04198365736827,40.54054054054054,57.7,46.52
Road & Infrastructure,285,160,51.65027954501639,37.83783783783784,56.1,45.63
Noise & Pollution,279,175,49.325167067102555,21.62162162162162,62.7,38.15
Waste Management,272,162,51.56418336565395,2.7027027027027026,59.6,28.74
Sewage & Drainage,271,163,47.08311368827974,0.0,60.1,26.14
